filename,width,height,class,xmin,ymin,xmax,ymax
000_HC.png,800,540,person,300,268,522,490
001_HC.png,800,540,person,287,121,517,306
002_HC.png,800,540,person,117,7,463,387
004_HC.png,800,540,person,165,127,504,442
005_HC.png,800,540,person,216,139,437,331
006_HC.png,800,540,person,276,60,591,429
008_HC.png,800,540,person,217,236,524,454
009_HC.png,800,540,person,352,133,529,297
010_2HC.png,800,540,person,205,95,511,419
010_HC.png,800,540,person,200,95,494,418
011_HC.png,800,540,person,214,63,608,492
012_HC.png,800,540,person,284,105,534,336
013_HC.png,800,540,person,244,89,599,454
015_HC.png,800,540,person,255,75,644,483
016_HC.png,800,540,person,243,126,603,462
017_2HC.png,800,540,person,263,64,544,346
017_HC.png,800,540,person,281,105,590,403
018_HC.png,800,540,person,173,86,585,381
019_2HC.png,800,540,person,283,188,495,395
019_HC.png,800,540,person,358,180,562,403
020_HC.png,800,540,person,158,135,625,498
021_HC.png,800,540,person,202,84,593,431
022_2HC.png,800,540,person,311,184,507,414
022_HC.png,800,540,person,117,153,605,487
023_HC.png,800,540,person,448,202,678,402
024_HC.png,800,540,person,306,135,512,358
025_HC.png,800,540,person,377,156,687,461
026_2HC.png,800,540,person,180,116,369,316
027_HC.png,800,540,person,261,266,532,497
028_HC.png,800,540,person,419,181,661,452
029_HC.png,800,540,person,147,120,488,499
030_HC.png,800,540,person,161,26,545,422
031_HC.png,800,540,person,263,194,563,509
032_2HC.png,800,540,person,291,229,483,450
032_HC.png,800,540,person,329,211,525,434
033_HC.png,800,540,person,199,120,481,363
035_HC.png,800,540,person,334,133,615,419
036_HC.png,800,540,person,163,138,478,407
037_HC.png,800,540,person,218,81,488,379
038_HC.png,800,540,person,158,60,575,399
039_HC.png,800,540,person,267,75,645,425
040_HC.png,800,540,person,253,22,535,319
041_HC.png,800,540,person,148,143,465,467
042_HC.png,800,540,person,164,63,601,471
043_HC.png,800,540,person,181,129,583,506
044_HC.png,800,540,person,378,308,598,494
047_HC.png,800,540,person,270,181,553,478
048_HC.png,800,540,person,140,89,509,403
050_2HC.png,800,540,person,161,59,533,439
050_HC.png,800,540,person,166,68,547,439
051_HC.png,800,540,person,231,52,591,422
052_HC.png,800,540,person,151,249,467,496
054_HC.png,800,540,person,201,74,669,464
056_HC.png,800,540,person,219,163,610,481
057_HC.png,800,540,person,177,84,716,478
058_HC.png,800,540,person,191,120,507,416
059_HC.png,800,540,person,255,99,596,407
060_HC.png,800,540,person,208,198,466,474
061_HC.png,800,540,person,239,33,521,301
062_HC.png,800,540,person,191,91,488,448
063_2HC.png,800,540,person,211,198,444,386
063_3HC.png,800,540,person,209,130,528,399
063_HC.png,800,540,person,435,193,655,384
064_2HC.png,800,540,person,248,111,647,481
064_HC.png,800,540,person,152,122,527,456
065_HC.png,800,540,person,128,126,419,407
066_2HC.png,800,540,person,190,91,603,465
066_HC.png,800,540,person,162,109,558,456
067_HC.png,800,540,person,363,164,588,424
068_2HC.png,800,540,person,103,52,578,507
068_HC.png,800,540,person,223,36,696,496
069_HC.png,800,540,person,115,54,471,427
070_HC.png,800,540,person,401,195,637,459
071_HC.png,800,540,person,405,244,584,453
073_HC.png,800,540,person,184,114,610,468
074_HC.png,800,540,person,230,34,616,429
076_HC.png,800,540,person,253,81,571,344
077_HC.png,800,540,person,352,182,611,481
078_HC.png,800,540,person,271,59,656,494
079_HC.png,800,540,person,271,105,580,348
080_HC.png,800,540,person,190,18,685,439
081_HC.png,800,540,person,357,153,665,428
082_2HC.png,800,540,person,261,310,453,480
082_HC.png,800,540,person,248,283,475,467
083_2HC.png,800,540,person,120,35,605,509
083_HC.png,800,540,person,179,28,641,469
084_HC.png,800,540,person,297,45,635,404
086_HC.png,800,540,person,157,236,414,461
087_HC.png,800,540,person,158,56,602,435
088_2HC.png,800,540,person,229,188,466,454
088_HC.png,800,540,person,236,51,585,384
089_HC.png,800,540,person,205,210,543,509
090_HC.png,800,540,person,194,27,573,416
091_HC.png,800,540,person,260,58,715,491
093_2HC.png,800,540,person,255,20,663,426
093_HC.png,800,540,person,174,137,585,469
094_HC.png,800,540,person,420,266,618,474
095_HC.png,800,540,person,104,36,532,415
096_HC.png,800,540,person,309,183,519,348
097_HC.png,800,540,person,220,86,586,438
098_HC.png,800,540,person,235,94,588,408
099_HC.png,800,540,person,306,179,573,472
100_2HC.png,800,540,person,349,250,587,441
101_HC.png,800,540,person,129,126,602,516
102_HC.png,800,540,person,213,132,610,451
105_HC.png,800,540,person,279,40,633,411
106_HC.png,800,540,person,175,140,494,487
107_2HC.png,800,540,person,146,84,624,438
107_HC.png,800,540,person,133,119,569,449
108_2HC.png,800,540,person,316,87,605,321
108_HC.png,800,540,person,246,151,534,386
109_HC.png,800,540,person,205,58,714,460
110_HC.png,800,540,person,392,284,585,457
111_HC.png,800,540,person,128,57,605,490
112_HC.png,800,540,person,243,239,528,461
113_HC.png,800,540,person,312,180,590,506
115_HC.png,800,540,person,349,76,592,321
116_HC.png,800,540,person,363,152,628,419
117_HC.png,800,540,person,361,238,614,486
118_HC.png,800,540,person,298,188,548,450
120_HC.png,800,540,person,206,88,636,437
121_2HC.png,800,540,person,124,18,557,431
121_HC.png,800,540,person,81,10,533,397
122_HC.png,800,540,person,274,209,554,459
124_HC.png,800,540,person,216,116,688,491
126_3HC.png,800,540,person,152,10,632,462
126_HC.png,800,540,person,120,32,584,437
127_HC.png,800,540,person,333,257,574,502
128_HC.png,800,540,person,298,167,608,457
129_HC.png,800,540,person,289,128,538,380
130_HC.png,800,540,person,215,114,502,376
132_HC.png,800,540,person,349,210,585,415
133_2HC.png,800,540,person,224,103,590,407
133_3HC.png,800,540,person,287,196,544,411
133_HC.png,800,540,person,124,58,513,362
134_HC.png,800,540,person,210,121,513,445
135_HC.png,800,540,person,201,142,523,489
136_HC.png,800,540,person,137,46,640,484
137_HC.png,800,540,person,273,108,568,365
138_HC.png,800,540,person,99,34,589,414
140_HC.png,800,540,person,348,292,535,476
141_2HC.png,800,540,person,259,82,672,441
141_HC.png,800,540,person,245,36,695,404
142_HC.png,800,540,person,196,89,563,382
143_HC.png,800,540,person,306,99,626,372
144_2HC.png,800,540,person,235,102,605,424
144_HC.png,800,540,person,189,56,554,400
146_2HC.png,800,540,person,144,115,584,495
146_HC.png,800,540,person,117,93,489,416
148_HC.png,800,540,person,143,97,544,413
149_HC.png,800,540,person,124,18,632,417
150_HC.png,800,540,person,259,100,498,301
153_HC.png,800,540,person,306,75,715,425
154_HC.png,800,540,person,191,78,597,476
156_2HC.png,800,540,person,184,57,615,401
156_HC.png,800,540,person,202,67,674,450
157_HC.png,800,540,person,264,122,538,370
158_HC.png,800,540,person,302,96,730,456
159_HC.png,800,540,person,185,21,672,404
160_HC.png,800,540,person,197,152,484,457
161_HC.png,800,540,person,112,78,538,432
163_HC.png,800,540,person,268,236,561,454
164_2HC.png,800,540,person,141,79,581,440
164_HC.png,800,540,person,168,70,615,429
166_HC.png,800,540,person,301,223,525,423
167_HC.png,800,540,person,246,114,679,471
168_HC.png,800,540,person,251,67,704,421
169_HC.png,800,540,person,153,74,577,466
174_HC.png,800,540,person,222,57,575,432
175_HC.png,800,540,person,158,79,661,505
178_2HC.png,800,540,person,160,76,624,457
178_HC.png,800,540,person,179,107,530,385
180_HC.png,800,540,person,148,27,525,366
181_HC.png,800,540,person,233,94,614,418
182_HC.png,800,540,person,280,158,510,358
183_HC.png,800,540,person,192,109,631,509
184_HC.png,800,540,person,217,227,458,443
185_HC.png,800,540,person,128,88,592,457
186_HC.png,800,540,person,127,47,654,536
187_HC.png,800,540,person,279,226,528,416
188_HC.png,782,542,person,226,175,526,427
189_HC.png,800,540,person,186,80,572,383
190_HC.png,800,540,person,93,43,641,492
191_HC.png,800,540,person,97,57,676,513
192_2HC.png,800,540,person,258,105,619,450
193_2HC.png,800,540,person,263,128,559,370
193_HC.png,800,540,person,215,174,577,448
194_HC.png,800,540,person,163,44,630,424
195_2HC.png,800,540,person,121,29,683,484
195_HC.png,800,540,person,131,68,671,498
196_HC.png,800,540,person,313,144,604,401
197_HC.png,800,540,person,116,53,699,477
198_2HC.png,800,540,person,139,68,653,482
198_HC.png,800,540,person,136,73,649,471
199_HC.png,800,540,person,96,53,614,458
200_HC.png,800,540,person,176,115,648,464
201_HC.png,800,540,person,143,37,744,509
203_4HC.png,800,540,person,254,107,690,462
203_HC.png,800,540,person,271,217,604,486
204_HC.png,800,540,person,139,88,618,495
205_HC.png,800,540,person,142,72,682,461
206_HC.png,800,540,person,138,59,643,468
207_HC.png,800,540,person,198,55,730,474
208_HC.png,794,544,person,236,79,700,426
209_HC.png,800,540,person,177,98,548,412
210_2HC.png,800,540,person,137,82,646,472
210_HC.png,800,540,person,136,70,681,502
212_HC.png,800,540,person,52,33,629,468
213_2HC.png,800,540,person,129,84,631,501
213_HC.png,800,540,person,133,50,645,461
214_HC.png,800,540,person,121,66,709,511
216_HC.png,738,541,person,221,227,517,464
217_HC.png,800,540,person,132,33,648,424
219_HC.png,800,540,person,161,93,681,451
220_2HC.png,800,540,person,127,66,648,464
221_HC.png,800,540,person,116,34,603,451
222_HC.png,800,540,person,84,16,731,475
223_2HC.png,800,540,person,181,137,570,485
223_HC.png,800,540,person,157,55,625,472
224_HC.png,800,540,person,122,92,620,482
225_2HC.png,800,540,person,127,85,679,511
225_HC.png,800,540,person,125,86,688,498
226_HC.png,800,540,person,182,108,642,485
227_HC.png,800,540,person,126,75,618,484
228_HC.png,800,540,person,190,78,649,451
229_2HC.png,800,540,person,181,83,676,470
229_HC.png,800,540,person,201,146,581,421
230_2HC.png,800,540,person,64,42,705,494
230_HC.png,800,540,person,78,51,723,501
231_HC.png,800,540,person,134,42,720,510
232_HC.png,800,540,person,140,62,681,468
235_2HC.png,800,540,person,179,103,643,464
235_HC.png,800,540,person,195,100,660,478
236_HC.png,800,540,person,160,72,608,444
237_2HC.png,800,540,person,150,88,657,484
237_3HC.png,800,540,person,166,60,648,476
237_HC.png,800,540,person,128,88,647,503
238_HC.png,800,540,person,222,48,574,365
239_HC.png,800,540,person,139,57,718,497
240_HC.png,800,540,person,224,96,695,467
243_2HC.png,800,540,person,108,83,590,489
243_3HC.png,800,540,person,188,166,487,483
243_HC.png,800,540,person,181,164,489,483
244_HC.png,800,540,person,185,39,594,404
245_HC.png,800,540,person,108,59,646,472
246_HC.png,800,540,person,189,84,566,372
248_HC.png,800,540,person,149,57,717,525
249_HC.png,800,540,person,98,51,681,513
250_HC.png,800,540,person,206,103,603,418
251_HC.png,800,540,person,145,58,668,462
252_HC.png,800,540,person,209,100,695,518
253_HC.png,800,540,person,137,98,670,498
254_HC.png,800,540,person,135,66,616,457
255_HC.png,800,540,person,147,78,662,481
257_HC.png,800,540,person,160,155,579,476
258_HC.png,800,540,person,205,15,623,370
260_2HC.png,800,540,person,164,80,691,452
260_HC.png,800,540,person,84,127,626,510
261_HC.png,800,540,person,132,99,643,500
262_HC.png,800,540,person,88,23,705,491
263_HC.png,800,540,person,122,74,633,509
264_HC.png,800,540,person,103,62,666,503
266_HC.png,800,540,person,152,124,664,512
267_HC.png,800,540,person,202,25,628,369
268_HC.png,800,540,person,120,17,684,478
270_HC.png,800,540,person,239,142,649,456
271_2HC.png,800,540,person,150,64,602,425
271_HC.png,800,540,person,164,75,623,444
272_HC.png,800,540,person,185,127,592,479
273_HC.png,800,540,person,170,61,573,387
274_HC.png,800,540,person,121,121,588,497
275_HC.png,800,540,person,155,86,682,466
276_HC.png,783,543,person,87,45,582,422
277_HC.png,800,540,person,135,61,573,447
278_HC.png,800,540,person,108,44,667,468
280_HC.png,800,540,person,108,18,676,467
281_HC.png,800,540,person,173,158,622,504
282_HC.png,800,540,person,219,238,470,485
283_HC.png,800,540,person,115,67,654,531
284_HC.png,800,540,person,219,63,665,440
286_HC.png,800,540,person,245,84,655,423
287_HC.png,800,540,person,161,66,630,467
288_HC.png,800,540,person,195,114,646,456
289_HC.png,800,540,person,269,96,681,420
290_HC.png,800,540,person,82,71,584,482
291_2HC.png,800,540,person,94,51,647,439
291_HC.png,800,540,person,121,36,740,503
292_HC.png,800,540,person,136,16,704,476
293_HC.png,800,540,person,173,71,664,455
294_2HC.png,800,540,person,193,88,644,436
294_HC.png,800,540,person,185,60,600,364
295_HC.png,800,540,person,70,28,637,500
296_HC.png,800,540,person,136,34,698,525
299_2HC.png,800,540,person,264,125,660,453
299_HC.png,800,540,person,224,113,626,445
300_2HC.png,800,540,person,194,132,647,508
300_HC.png,800,540,person,96,52,655,471
301_HC.png,800,540,person,192,141,597,478
302_HC.png,800,540,person,199,102,618,430
304_HC.png,800,540,person,203,73,720,472
305_HC.png,800,540,person,176,117,641,472
306_HC.png,800,540,person,230,164,670,514
307_HC.png,800,540,person,89,36,602,450
308_HC.png,800,540,person,167,48,715,474
309_HC.png,797,541,person,124,46,673,462
310_HC.png,790,539,person,164,59,651,469
311_HC.png,800,540,person,200,125,637,465
312_2HC.png,800,540,person,63,86,545,444
312_HC.png,800,540,person,120,62,615,420
316_HC.png,800,540,person,45,80,511,498
317_HC.png,800,540,person,118,75,707,499
318_HC.png,800,540,person,100,48,668,503
319_HC.png,800,540,person,197,99,627,456
320_HC.png,800,540,person,62,37,620,488
321_HC.png,800,540,person,89,20,669,455
322_HC.png,800,540,person,202,57,623,409
323_2HC.png,800,540,person,162,40,701,460
323_HC.png,800,540,person,101,7,691,476
324_HC.png,800,540,person,135,112,585,481
325_HC.png,800,540,person,95,58,709,503
326_HC.png,800,540,person,104,120,578,459
327_2HC.png,800,540,person,91,46,729,513
327_HC.png,800,540,person,87,25,716,484
328_HC.png,800,540,person,104,77,696,516
329_HC.png,800,540,person,212,107,683,497
330_HC.png,800,540,person,163,82,605,453
331_HC.png,800,540,person,180,101,632,457
332_HC.png,800,540,person,201,56,715,431
333_HC.png,800,540,person,121,34,715,457
334_HC.png,800,540,person,131,78,531,415
335_HC.png,800,540,person,165,50,682,438
336_HC.png,800,540,person,107,56,662,447
337_HC.png,800,540,person,198,79,730,496
338_HC.png,800,540,person,188,144,608,480
339_HC.png,800,540,person,99,71,674,492
340_2HC.png,800,540,person,103,17,544,403
340_HC.png,800,540,person,258,59,713,429
341_HC.png,800,540,person,220,90,686,464
342_HC.png,800,540,person,144,67,644,473
343_HC.png,800,540,person,84,60,614,447
344_HC.png,800,540,person,104,34,607,422
345_2HC.png,800,540,person,87,10,678,444
345_HC.png,800,540,person,160,77,633,407
347_HC.png,800,540,person,66,57,613,461
348_HC.png,800,540,person,97,40,746,518
349_HC.png,800,540,person,84,107,499,450
350_HC.png,800,540,person,139,56,666,470
351_HC.png,800,540,person,167,123,599,463
352_2HC.png,800,540,person,90,72,658,533
353_HC.png,800,540,person,186,96,623,480
354_HC.png,800,540,person,133,96,663,498
355_HC.png,800,540,person,207,82,615,410
356_HC.png,800,540,person,173,128,615,478
357_HC.png,800,540,person,151,92,667,470
358_HC.png,800,540,person,227,94,680,455
359_2HC.png,800,540,person,136,77,659,508
361_2HC.png,800,540,person,172,97,553,448
363_HC.png,800,540,person,121,42,634,452
364_2HC.png,800,540,person,174,103,627,450
364_HC.png,800,540,person,77,92,580,457
365_HC.png,800,540,person,161,123,609,463
367_HC.png,800,540,person,176,105,617,462
368_HC.png,800,540,person,121,56,582,376
369_HC.png,800,540,person,85,72,571,466
370_HC.png,800,540,person,272,105,738,465
372_HC.png,800,540,person,138,84,612,457
373_2HC.png,800,540,person,181,93,625,451
373_HC.png,800,540,person,172,113,610,478
375_HC.png,800,540,person,215,58,675,434
376_2HC.png,800,540,person,192,156,601,451
376_HC.png,800,540,person,102,32,664,489
378_HC.png,800,540,person,158,54,717,512
379_HC.png,800,540,person,142,75,676,477
380_HC.png,800,540,person,73,135,503,474
382_HC.png,800,540,person,141,84,693,494
383_HC.png,800,540,person,168,28,579,426
384_2HC.png,800,540,person,117,68,615,422
384_HC.png,800,540,person,86,48,596,414
385_HC.png,800,540,person,162,67,611,451
386_HC.png,800,540,person,97,47,576,418
387_HC.png,800,540,person,135,47,727,511
388_HC.png,800,540,person,215,197,556,440
389_HC.png,800,540,person,146,82,730,531
390_HC.png,800,540,person,134,68,660,495
392_2HC.png,800,540,person,134,72,568,416
392_3HC.png,800,540,person,130,68,580,418
392_HC.png,800,540,person,136,71,566,424
393_HC.png,800,540,person,93,36,679,520
394_2HC.png,800,540,person,191,21,746,486
395_HC.png,800,540,person,84,20,686,499
396_HC.png,800,540,person,127,184,505,483
397_HC.png,800,540,person,53,71,585,481
399_2HC.png,800,540,person,130,56,643,464
399_HC.png,800,540,person,182,86,639,465
400_HC.png,800,540,person,131,56,608,435
401_HC.png,800,540,person,123,68,623,486
402_HC.png,799,563,person,169,110,647,507
403_2HC.png,800,540,person,190,30,644,431
404_2HC.png,800,540,person,115,84,608,455
404_HC.png,800,540,person,232,159,534,380
405_HC.png,800,540,person,285,121,644,412
406_HC.png,800,540,person,143,158,601,518
407_HC.png,800,540,person,107,79,651,501
408_HC.png,800,540,person,122,47,731,513
409_HC.png,800,540,person,79,66,664,503
410_2HC.png,800,540,person,174,107,643,467
413_HC.png,800,540,person,81,63,625,493
414_HC.png,800,540,person,208,71,630,446
416_HC.png,800,540,person,119,102,626,457
417_HC.png,800,540,person,180,87,693,482
418_HC.png,800,540,person,79,111,548,479
419_HC.png,800,540,person,117,63,552,432
420_HC.png,800,540,person,107,89,633,499
422_HC.png,800,540,person,163,39,647,425
423_HC.png,800,540,person,88,59,638,516
426_2HC.png,800,540,person,198,88,708,494
426_3HC.png,800,540,person,136,77,634,479
426_4HC.png,800,540,person,111,139,531,497
426_HC.png,800,540,person,135,93,619,508
427_HC.png,800,540,person,132,51,706,499
428_HC.png,800,540,person,161,80,740,518
429_HC.png,800,540,person,174,52,672,454
430_HC.png,800,540,person,126,102,663,487
431_2HC.png,800,540,person,151,74,721,492
431_HC.png,800,540,person,119,83,685,496
432_HC.png,800,540,person,82,78,639,482
433_HC.png,800,540,person,225,173,558,419
434_2HC.png,800,540,person,180,40,732,487
434_HC.png,800,540,person,174,47,713,488
435_HC.png,800,540,person,197,46,657,423
437_2HC.png,800,540,person,89,84,553,460
437_HC.png,800,540,person,76,69,644,498
438_HC.png,800,540,person,183,79,672,442
439_HC.png,800,540,person,164,63,671,444
440_2HC.png,800,540,person,236,99,548,354
440_HC.png,800,540,person,300,54,594,327
441_HC.png,800,540,person,158,95,701,490
442_HC.png,800,540,person,133,92,637,484
444_2HC.png,800,540,person,153,72,628,471
444_HC.png,800,540,person,136,105,592,477
445_HC.png,800,540,person,119,61,704,485
446_HC.png,800,540,person,139,97,682,498
448_HC.png,800,540,person,139,30,722,493
449_HC.png,800,540,person,192,73,636,412
450_HC.png,800,540,person,128,62,690,475
452_HC.png,800,540,person,159,64,678,480
453_2HC.png,800,540,person,162,112,654,478
453_HC.png,800,540,person,113,100,687,508
454_HC.png,800,540,person,142,101,647,518
455_HC.png,780,539,person,135,121,608,459
456_HC.png,794,543,person,121,151,569,472
457_2HC.png,800,540,person,244,79,608,376
457_HC.png,800,540,person,84,83,584,482
458_HC.png,800,540,person,96,36,648,458
459_HC.png,800,540,person,125,107,554,437
460_HC.png,800,540,person,152,32,614,403
461_HC.png,800,540,person,134,43,687,476
462_HC.png,800,540,person,146,67,664,477
463_HC.png,800,540,person,137,96,579,445
464_HC.png,800,540,person,147,78,670,484
465_HC.png,800,540,person,248,40,626,387
468_2HC.png,800,540,person,81,67,602,491
468_HC.png,800,540,person,142,72,716,505
469_2HC.png,800,540,person,62,65,498,456
469_HC.png,800,540,person,235,51,665,441
471_2HC.png,800,540,person,152,119,642,520
471_HC.png,800,540,person,85,61,671,517
472_HC.png,800,540,person,188,107,644,450
473_HC.png,800,540,person,193,51,651,451
474_HC.png,800,540,person,139,90,605,455
475_HC.png,800,540,person,79,110,558,487
476_HC.png,800,540,person,126,71,650,500
477_HC.png,800,540,person,63,12,657,474
478_HC.png,800,540,person,116,48,718,522
479_2HC.png,800,540,person,88,61,646,494
479_HC.png,800,540,person,57,48,626,487
481_HC.png,800,540,person,129,65,664,480
482_2HC.png,800,540,person,123,71,582,446
482_HC.png,800,540,person,134,100,627,490
483_2HC.png,800,540,person,136,106,653,483
483_HC.png,800,540,person,108,126,637,510
485_HC.png,800,540,person,198,49,755,491
486_2HC.png,800,540,person,101,99,637,493
486_HC.png,800,540,person,80,97,607,500
488_HC.png,800,540,person,266,98,535,321
489_HC.png,800,540,person,140,123,613,503
490_2HC.png,800,540,person,87,23,640,459
490_HC.png,800,540,person,108,9,666,447
491_HC.png,800,540,person,203,42,691,441
492_HC.png,800,540,person,117,75,622,480
493_HC.png,800,540,person,130,75,634,455
494_HC.png,800,540,person,102,96,615,476
495_2HC.png,800,540,person,201,132,580,421
495_3HC.png,800,540,person,154,97,667,476
495_4HC.png,800,540,person,207,103,570,402
495_HC.png,800,540,person,230,127,558,386
498_HC.png,800,540,person,125,70,689,478
499_2HC.png,800,540,person,191,91,658,489
499_HC.png,800,540,person,134,114,610,508
500_HC.png,788,545,person,222,70,642,398
501_HC.png,798,541,person,123,146,539,484
502_HC.png,800,540,person,132,76,707,516
504_HC.png,800,540,person,166,77,673,422
507_HC.png,800,540,person,229,94,695,472
509_HC.png,800,540,person,224,63,748,504
516_HC.png,800,540,person,159,90,633,472
517_HC.png,800,540,person,169,56,686,484
518_HC.png,800,540,person,230,151,614,433
520_HC.png,800,540,person,136,47,686,479
521_HC.png,800,540,person,67,37,655,473
522_HC.png,800,540,person,182,57,729,480
523_HC.png,800,540,person,252,154,638,432
525_HC.png,800,540,person,141,87,647,502
526_2HC.png,800,540,person,178,111,638,484
526_HC.png,800,540,person,111,115,565,482
527_HC.png,800,540,person,99,48,642,494
528_HC.png,800,540,person,196,87,718,513
529_HC.png,800,540,person,140,84,705,479
530_HC.png,800,540,person,141,112,648,483
531_2HC.png,800,540,person,101,116,563,457
531_HC.png,800,540,person,111,113,565,451
532_2HC.png,800,540,person,116,47,548,396
533_HC.png,800,540,person,90,118,555,476
534_HC.png,800,540,person,105,68,674,514
535_HC.png,800,542,person,146,64,623,474
536_HC.png,800,540,person,73,35,679,507
537_HC.png,789,540,person,180,112,622,443
539_HC.png,800,540,person,95,26,504,378
540_HC.png,800,540,person,125,65,667,501
541_2HC.png,800,540,person,133,40,657,461
542_HC.png,800,540,person,148,110,621,487
543_HC.png,800,540,person,81,83,614,493
544_2HC.png,800,540,person,127,52,619,455
544_HC.png,800,540,person,147,61,657,491
545_2HC.png,800,540,person,153,104,603,482
545_HC.png,800,540,person,125,78,581,449
546_HC.png,800,540,person,103,50,682,494
547_2HC.png,800,540,person,106,106,527,461
547_HC.png,800,540,person,97,73,542,426
548_HC.png,800,540,person,93,57,667,513
549_HC.png,800,540,person,237,86,747,484
551_HC.png,800,540,person,164,35,748,510
552_HC.png,800,540,person,110,35,655,510
554_HC.png,800,540,person,147,34,692,488
555_HC.png,800,540,person,102,65,673,520
556_2HC.png,800,540,person,122,75,565,451
556_HC.png,800,540,person,135,67,609,417
557_HC.png,800,540,person,175,58,667,461
558_HC.png,800,540,person,65,110,580,465
559_HC.png,800,540,person,70,27,687,505
561_2HC.png,800,540,person,84,105,633,515
561_3HC.png,800,540,person,184,75,608,418
561_HC.png,800,540,person,128,36,611,395
562_HC.png,800,540,person,234,60,648,393
563_HC.png,800,540,person,148,83,678,502
564_HC.png,800,540,person,118,66,628,484
565_HC.png,800,540,person,105,55,663,450
566_2HC.png,800,540,person,110,32,673,462
566_HC.png,800,540,person,70,31,608,451
567_2HC.png,800,540,person,148,44,712,495
567_HC.png,800,540,person,180,11,732,459
568_HC.png,800,540,person,157,121,624,497
569_HC.png,800,540,person,63,60,698,498
570_2HC.png,800,540,person,174,70,691,484
570_3HC.png,800,540,person,137,69,648,463
570_HC.png,800,540,person,116,66,639,449
572_HC.png,800,540,person,110,55,644,483
574_2HC.png,800,540,person,156,112,702,529
574_HC.png,800,540,person,129,79,607,450
575_HC.png,800,540,person,148,146,504,411
576_HC.png,800,540,person,190,32,686,451
577_HC.png,800,540,person,81,59,581,481
578_HC.png,800,540,person,89,17,674,501
579_HC.png,800,540,person,137,60,642,469
580_HC.png,800,540,person,150,62,592,399
581_HC.png,800,540,person,144,96,663,472
582_HC.png,800,540,person,92,75,633,492
583_2HC.png,800,540,person,94,162,546,502
583_HC.png,800,540,person,165,166,622,509
584_HC.png,800,540,person,215,151,545,416
585_HC.png,800,540,person,111,33,702,494
586_HC.png,800,540,person,188,121,645,503
587_HC.png,800,540,person,233,186,616,484
588_2HC.png,800,540,person,137,90,684,516
588_HC.png,800,540,person,159,116,560,438
589_HC.png,800,540,person,164,66,649,486
590_HC.png,800,540,person,182,174,569,484
591_HC.png,800,540,person,80,92,654,503
592_2HC.png,800,540,person,121,66,648,489
593_HC.png,800,540,person,133,26,590,399
594_HC.png,800,540,person,61,95,547,469
596_HC.png,800,540,person,164,73,649,464
597_HC.png,800,540,person,103,24,674,464
598_HC.png,800,540,person,117,96,633,509
599_HC.png,800,540,person,140,58,641,433
600_HC.png,800,540,person,128,73,686,500
601_HC.png,800,540,person,100,19,721,508
605_HC.png,800,542,person,209,127,566,414
606_HC.png,800,540,person,248,206,518,431
607_HC.png,800,540,person,102,43,558,425
609_2HC.png,800,540,person,129,76,701,515
609_HC.png,800,540,person,162,62,722,471
610_HC.png,800,540,person,263,181,548,428
611_HC.png,800,540,person,146,31,715,520
612_HC.png,800,540,person,244,110,719,476
613_2HC.png,800,540,person,166,96,679,459
613_3HC.png,800,540,person,304,181,616,446
613_HC.png,800,540,person,268,85,732,456
615_HC.png,800,540,person,151,39,743,476
617_2HC.png,800,540,person,143,90,626,489
617_HC.png,800,540,person,227,79,700,453
618_2HC.png,800,540,person,199,115,580,407
618_HC.png,800,540,person,206,52,654,424
619_HC.png,800,540,person,83,26,696,525
620_HC.png,800,540,person,140,86,721,510
621_HC.png,800,540,person,119,30,722,482
622_HC.png,800,540,person,140,113,677,483
623_HC.png,800,540,person,212,49,671,428
624_HC.png,800,540,person,139,148,563,477
626_HC.png,800,540,person,221,87,651,430
628_2HC.png,800,540,person,92,2,641,466
629_HC.png,800,540,person,105,40,675,449
630_2HC.png,800,540,person,158,167,500,464
631_HC.png,800,540,person,125,40,645,484
632_HC.png,800,540,person,56,32,645,521
634_HC.png,800,540,person,179,190,552,502
636_HC.png,800,540,person,258,96,625,386
640_HC.png,800,540,person,113,138,598,498
641_HC.png,800,542,person,162,65,651,439
642_HC.png,800,540,person,141,68,651,475
643_HC.png,796,542,person,61,21,702,525
644_HC.png,800,540,person,126,79,648,488
645_HC.png,800,540,person,223,109,560,397
646_HC.png,800,540,person,170,92,663,480
647_HC.png,800,540,person,214,165,601,474
648_HC.png,800,540,person,135,19,675,415
650_HC.png,800,540,person,225,143,526,452
651_HC.png,800,540,person,108,43,624,452
652_2HC.png,800,540,person,146,48,626,453
652_HC.png,800,540,person,87,126,552,482
653_HC.png,800,540,person,236,143,591,413
654_HC.png,800,540,person,159,31,759,453
655_HC.png,800,540,person,102,109,533,467
656_HC.png,800,540,person,119,88,688,514
657_2HC.png,800,540,person,111,38,662,484
659_HC.png,800,540,person,143,57,525,380
660_HC.png,800,540,person,101,40,657,513
661_HC.png,800,540,person,138,51,704,484
662_HC.png,800,540,person,156,30,655,458
663_HC.png,800,540,person,203,139,601,448
664_HC.png,800,540,person,112,20,732,508
665_HC.png,800,540,person,149,83,613,461
666_HC.png,800,540,person,235,128,627,432
667_HC.png,800,540,person,86,53,699,516
668_HC.png,800,540,person,247,106,487,308
669_HC.png,800,540,person,126,64,660,459
670_HC.png,800,540,person,203,163,629,521
671_2HC.png,800,540,person,167,35,636,441
671_3HC.png,800,540,person,212,99,573,407
671_HC.png,800,540,person,122,64,655,516
672_HC.png,800,540,person,183,67,672,479
673_2HC.png,800,540,person,308,145,561,368
673_HC.png,800,540,person,273,79,528,286
674_HC.png,800,540,person,241,160,637,494
675_HC.png,800,540,person,132,81,492,423
677_2HC.png,800,540,person,235,116,576,432
677_HC.png,800,540,person,323,159,581,384
678_HC.png,800,540,person,134,55,651,447
679_HC.png,800,540,person,213,9,689,419
682_HC.png,800,540,person,173,115,653,489
683_HC.png,800,540,person,126,121,590,475
684_HC.png,800,540,person,216,64,651,436
686_HC.png,800,540,person,195,114,583,430
687_HC.png,800,540,person,99,38,708,501
689_HC.png,800,540,person,200,75,657,456
690_2HC.png,800,540,person,122,78,656,467
690_HC.png,800,540,person,118,72,661,473
691_HC.png,800,540,person,135,111,526,454
692_HC.png,800,540,person,207,86,573,419
693_HC.png,800,540,person,92,32,679,516
694_HC.png,800,540,person,181,139,597,487
695_HC.png,800,540,person,138,32,735,509
696_HC.png,800,540,person,204,66,616,420
697_HC.png,800,540,person,234,101,530,374
698_HC.png,800,542,person,176,152,583,470
699_HC.png,800,540,person,42,41,626,524
700_HC.png,800,540,person,103,22,623,424
702_HC.png,800,540,person,181,50,664,448
704_HC.png,800,540,person,207,139,586,430
705_HC.png,800,540,person,101,29,683,486
706_HC.png,800,540,person,207,25,581,343
707_HC.png,800,540,person,72,34,653,503
708_2HC.png,800,540,person,214,93,568,380
708_3HC.png,800,540,person,273,104,597,378
708_HC.png,800,540,person,170,142,529,475
709_2HC.png,800,540,person,193,41,660,449
710_HC.png,800,540,person,90,29,678,498
711_HC.png,800,540,person,164,86,541,377
712_HC.png,800,540,person,187,39,704,455
713_HC.png,800,540,person,149,12,655,412
714_HC.png,800,540,person,200,102,700,479
715_HC.png,800,540,person,184,129,611,471
717_2HC.png,800,540,person,176,16,725,452
717_HC.png,800,540,person,117,48,693,491
718_2HC.png,800,540,person,193,118,537,457
718_HC.png,800,540,person,199,75,565,451
719_HC.png,800,540,person,144,100,566,442
720_2HC.png,800,540,person,130,64,657,484
720_HC.png,800,540,person,146,65,659,488
721_HC.png,800,540,person,123,54,589,467
722_HC.png,800,540,person,216,106,616,460
723_HC.png,800,540,person,158,50,718,497
724_HC.png,800,540,person,169,84,676,476
725_HC.png,800,540,person,132,86,556,489
727_HC.png,800,540,person,131,49,653,469
728_HC.png,800,540,person,167,97,596,467
729_HC.png,800,540,person,211,64,550,387
730_HC.png,800,540,person,170,53,708,482
731_2HC.png,789,545,person,133,37,619,442
731_3HC.png,796,544,person,243,133,630,482
732_HC.png,800,540,person,79,48,658,521
733_HC.png,800,540,person,199,116,598,476
734_HC.png,800,540,person,167,109,568,446
735_HC.png,800,540,person,212,68,640,384
736_2HC.png,800,540,person,155,16,696,451
736_HC.png,800,540,person,146,26,660,445
737_HC.png,800,540,person,190,104,634,488
738_HC.png,800,540,person,147,108,603,509
739_HC.png,800,540,person,97,32,673,510
740_HC.png,800,540,person,198,66,641,448
741_HC.png,800,540,person,122,36,655,474
742_HC.png,800,540,person,121,50,621,524
743_HC.png,800,540,person,183,154,494,457
744_HC.png,800,540,person,156,112,600,507
745_HC.png,800,540,person,121,22,630,485
746_2HC.png,800,540,person,132,137,591,536
746_3HC.png,800,540,person,192,99,617,462
746_4HC.png,800,540,person,228,75,570,368
746_HC.png,800,540,person,235,90,622,392
748_HC.png,800,540,person,175,72,653,494
749_HC.png,800,540,person,160,112,597,453
750_HC.png,800,540,person,113,21,619,442
751_2HC.png,800,540,person,277,114,565,461
751_HC.png,800,540,person,139,16,637,443
755_HC.png,800,540,person,145,32,643,457
756_2HC.png,800,540,person,121,97,548,491
756_HC.png,800,540,person,140,78,577,464
757_HC.png,800,540,person,121,25,668,480
759_HC.png,800,540,person,167,89,652,513
760_HC.png,800,540,person,183,120,582,474
761_HC.png,800,540,person,156,84,645,497
762_HC.png,800,540,person,205,141,588,442
763_HC.png,800,540,person,226,103,593,411
764_HC.png,800,540,person,170,56,633,471
765_HC.png,800,540,person,174,126,670,498
767_HC.png,800,540,person,185,54,634,466
768_2HC.png,800,540,person,151,81,674,500
768_HC.png,800,540,person,119,81,648,504
769_HC.png,800,540,person,107,61,583,448
770_HC.png,800,540,person,200,67,538,376
771_HC.png,800,540,person,187,97,583,451
772_HC.png,800,540,person,144,94,633,508
773_2HC.png,800,540,person,179,72,642,443
773_3HC.png,800,540,person,145,80,560,458
773_HC.png,800,540,person,185,74,611,440
774_HC.png,800,540,person,148,87,618,471
775_HC.png,800,540,person,136,38,641,461
776_HC.png,800,540,person,199,126,616,488
777_HC.png,800,540,person,102,69,631,509
778_HC.png,800,540,person,171,92,597,464
779_2HC.png,800,540,person,263,99,573,356
779_HC.png,800,540,person,230,81,527,349
780_HC.png,800,540,person,170,64,630,473
781_HC.png,800,540,person,180,114,546,465
782_HC.png,800,540,person,149,37,611,486
783_2HC.png,800,540,person,232,175,585,457
783_3HC.png,800,540,person,211,164,571,449
783_4HC.png,800,540,person,175,84,647,441
783_HC.png,800,540,person,177,75,655,438
784_HC.png,800,540,person,134,65,587,448
785_2HC.png,800,540,person,201,34,673,483
785_HC.png,800,540,person,207,30,681,474
787_HC.png,800,540,person,121,1,637,440
788_2HC.png,800,540,person,186,68,594,426
788_HC.png,800,540,person,187,66,600,419
792_HC.png,800,540,person,111,71,587,489
793_HC.png,800,540,person,121,51,699,507
794_HC.png,800,540,person,92,9,656,518
795_2HC.png,800,540,person,173,91,628,502
795_HC.png,800,540,person,155,87,612,505
796_2HC.png,800,540,person,148,53,646,471
796_HC.png,800,540,person,203,56,620,452
797_HC.png,800,540,person,249,140,639,503
798_HC.png,800,540,person,153,67,656,513
800_HC.png,800,540,person,186,102,625,496
801_HC.png,800,540,person,216,66,597,390
802_HC.png,800,540,person,115,21,590,473
803_HC.png,800,540,person,152,48,654,517
804_HC.png,800,540,person,206,146,576,468
805_HC.png,800,540,person,215,48,600,484
